{"tfjsVersion":"1.3.1","tmVersion":"2.4.7","packageVersion":"0.8.4-alpha2","packageName":"@teachablemachine/image","timeStamp":"2024-05-04T19:07:16.997Z","userMetadata":{},"modelName":"tm-my-image-model","labels":["Apple___Apple_scab","Apple___Black_rot","Apple___Cedar_apple_rust","Cherry_(including_sour)___Powdery_mildew","Corn_(maize)___Cercospora_leaf_spot Gray_leaf_spot","Corn_(maize)___Common_rust_","Corn_(maize)___Northern_Leaf_Blight","Grape___Black_rot","Grape___Esca_(Black_Measles)","Grape___Leaf_blight_(Isariopsis_Leaf_Spot)"],"imageSize":224}